,n-grams,Frequency,ID,Relative Frequency
0,slider-risk-0,620,ID1,34.44444444444444
1,slider-risk-1,497,ID1,27.61111111111111
2,slider-risk-2,494,ID1,27.444444444444443
3,slider-risk-4,462,ID1,25.666666666666668
4,slider-return-2,261,ID1,14.5
5,slider-risk-3,161,ID1,8.944444444444445
6,slider-return-4,132,ID1,7.333333333333333
7,slider-return-1,127,ID1,7.055555555555555
8,slider-return-0,119,ID1,6.611111111111111
9,slider-return-3,105,ID1,5.833333333333333
10,saved-port-0,57,ID1,3.1666666666666665
11,"[id=""portfolio-selection""]>div:nth-child(3)>div>button",45,ID1,2.5
12,"[id=""portfolio-selection""]>div:nth-child(1)>div>div:nth-child(1)>div:nth-child(10)>div>button",40,ID1,2.2222222222222223
13,risk-return,37,ID1,2.0555555555555554
14,"[id=""portfolio-selection""]>div:nth-child(1)>div>div:nth-child(1)>div:nth-child(4)>div:nth-child(3)",19,ID1,1.0555555555555556
15,"[id=""portfolio-stats""]>svg",15,ID1,0.8333333333333334
16,"[id=""portfolio-selection""]>div:nth-child(1)>div>div:nth-child(1)>div:nth-child(4)>div:nth-child(2)",9,ID1,0.5
17,"[id=""portfolio-selection""]>div:nth-child(1)>div>div:nth-child(1)",9,ID1,0.5
18,"[id=""portfolio-selection""]>div:nth-child(1)>div>div:nth-child(1)>div:nth-child(5)>div:nth-child(3)",8,ID1,0.4444444444444444
19,"[id=""portfolio-selection""]>div:nth-child(1)>div>div:nth-child(1)>div:nth-child(3)>div:nth-child(2)",6,ID1,0.3333333333333333
20,"[id=""portfolio-selection""]>div:nth-child(1)>div>div:nth-child(1)>div:nth-child(10)>div",3,ID1,0.16666666666666666
21,saved-port-6,3,ID1,0.16666666666666666
22,"[id=""portfolio-selection""]>div:nth-child(1)>div>div:nth-child(1)>div:nth-child(6)>div:nth-child(2)",2,ID1,0.1111111111111111
23,"[id=""portfolio-selection""]>div:nth-child(1)>div>div:nth-child(1)>div:nth-child(6)>div:nth-child(1)>label",1,ID1,0.05555555555555555
24,"[id=""portfolio-selection""]>div:nth-child(1)>div>div:nth-child(1)>div:nth-child(5)>div:nth-child(2)",1,ID1,0.05555555555555555
25,slider-risk-2,844,ID2,46.888888888888886
26,slider-risk-1,812,ID2,45.111111111111114
27,slider-risk-0,575,ID2,31.944444444444443
28,slider-risk-3,494,ID2,27.444444444444443
29,slider-risk-4,474,ID2,26.333333333333332
30,slider-return-3,141,ID2,7.833333333333333
31,slider-return-4,128,ID2,7.111111111111111
32,slider-return-2,116,ID2,6.444444444444445
33,html,114,ID2,6.333333333333333
34,"[id=""portfolio-selection""]>div:nth-child(1)>div>div:nth-child(1)>div:nth-child(10)>div>button",85,ID2,4.722222222222222
35,slider-return-0,82,ID2,4.555555555555555
36,slider-return-1,70,ID2,3.888888888888889
37,"[id=""portfolio-selection""]>div:nth-child(3)>div>button",45,ID2,2.5
38,risk-return,37,ID2,2.0555555555555554
39,saved-port-1,27,ID2,1.5
40,"[id=""portfolio-selection""]>div:nth-child(1)>div>div:nth-child(1)",20,ID2,1.1111111111111112
41,survey-container,15,ID2,0.8333333333333334
42,"[id=""portfolio-selection""]>div:nth-child(1)>div>div:nth-child(1)>div:nth-child(5)>div:nth-child(3)",12,ID2,0.6666666666666666
43,saved-port-0,9,ID2,0.5
44,"[id=""portfolio-selection""]>div:nth-child(1)>div>div:nth-child(1)>div:nth-child(2)>div:nth-child(3)",4,ID2,0.2222222222222222
45,"[id=""portfolio-selection""]>div:nth-child(1)>div>div:nth-child(1)>div:nth-child(2)",2,ID2,0.1111111111111111
46,"[id=""portfolio-selection""]>div:nth-child(1)>div>div:nth-child(1)>div:nth-child(6)>div:nth-child(3)",2,ID2,0.1111111111111111
47,"[id=""portfolio-selection""]>div:nth-child(1)>div>div:nth-child(1)>div:nth-child(4)>div:nth-child(3)",2,ID2,0.1111111111111111
48,"[id=""portfolio-selection""]>div:nth-child(1)>div>div:nth-child(1)>div:nth-child(3)>div:nth-child(3)",1,ID2,0.05555555555555555
49,"[id=""portfolio-selection""]>div:nth-child(1)>div>div:nth-child(1)>div:nth-child(6)>div:nth-child(2)",1,ID2,0.05555555555555555
50,"[id=""portfolio-selection""]>div:nth-child(1)>div>div:nth-child(1)>div:nth-child(2)>div:nth-child(4)",1,ID2,0.05555555555555555
51,slider-risk-2,844,ID3,46.888888888888886
52,slider-risk-1,812,ID3,45.111111111111114
53,slider-risk-0,575,ID3,31.944444444444443
54,slider-risk-3,494,ID3,27.444444444444443
55,slider-risk-4,474,ID3,26.333333333333332
56,slider-return-3,141,ID3,7.833333333333333
57,slider-return-4,128,ID3,7.111111111111111
58,slider-return-2,116,ID3,6.444444444444445
59,html,114,ID3,6.333333333333333
60,"[id=""portfolio-selection""]>div:nth-child(1)>div>div:nth-child(1)>div:nth-child(10)>div>button",85,ID3,4.722222222222222
61,slider-return-0,82,ID3,4.555555555555555
62,slider-return-1,70,ID3,3.888888888888889
63,"[id=""portfolio-selection""]>div:nth-child(3)>div>button",45,ID3,2.5
64,risk-return,37,ID3,2.0555555555555554
65,saved-port-1,27,ID3,1.5
66,"[id=""portfolio-selection""]>div:nth-child(1)>div>div:nth-child(1)",20,ID3,1.1111111111111112
67,survey-container,15,ID3,0.8333333333333334
68,"[id=""portfolio-selection""]>div:nth-child(1)>div>div:nth-child(1)>div:nth-child(5)>div:nth-child(3)",12,ID3,0.6666666666666666
69,saved-port-0,9,ID3,0.5
70,"[id=""portfolio-selection""]>div:nth-child(1)>div>div:nth-child(1)>div:nth-child(2)>div:nth-child(3)",4,ID3,0.2222222222222222
71,"[id=""portfolio-selection""]>div:nth-child(1)>div>div:nth-child(1)>div:nth-child(2)",2,ID3,0.1111111111111111
72,"[id=""portfolio-selection""]>div:nth-child(1)>div>div:nth-child(1)>div:nth-child(6)>div:nth-child(3)",2,ID3,0.1111111111111111
73,"[id=""portfolio-selection""]>div:nth-child(1)>div>div:nth-child(1)>div:nth-child(4)>div:nth-child(3)",2,ID3,0.1111111111111111
74,"[id=""portfolio-selection""]>div:nth-child(1)>div>div:nth-child(1)>div:nth-child(3)>div:nth-child(3)",1,ID3,0.05555555555555555
75,"[id=""portfolio-selection""]>div:nth-child(1)>div>div:nth-child(1)>div:nth-child(6)>div:nth-child(2)",1,ID3,0.05555555555555555
76,"[id=""portfolio-selection""]>div:nth-child(1)>div>div:nth-child(1)>div:nth-child(2)>div:nth-child(4)",1,ID3,0.05555555555555555
77,slider-return-2,281,ID4,15.61111111111111
78,slider-return-1,237,ID4,13.166666666666666
79,slider-return-4,192,ID4,10.666666666666666
80,slider-return-0,163,ID4,9.055555555555555
81,html,76,ID4,4.222222222222222
82,slider-return-3,73,ID4,4.055555555555555
83,"[id=""portfolio-selection""]>div:nth-child(3)>div>button",45,ID4,2.5
84,"[id=""portfolio-selection""]>div:nth-child(1)>div>div:nth-child(1)>div:nth-child(4)>div:nth-child(2)",19,ID4,1.0555555555555556
85,"[id=""portfolio-selection""]>div:nth-child(1)>div>div:nth-child(1)>div:nth-child(5)>div:nth-child(2)",12,ID4,0.6666666666666666
86,slider-risk-2,8,ID4,0.4444444444444444
87,"[id=""portfolio-selection""]>div:nth-child(1)>div>div:nth-child(1)>div:nth-child(2)>div:nth-child(4)",5,ID4,0.2777777777777778
88,"[id=""portfolio-selection""]>div:nth-child(1)>div>div:nth-child(1)>div:nth-child(2)>div:nth-child(4)>span",4,ID4,0.2222222222222222
89,slider-risk-0,4,ID4,0.2222222222222222
90,"[id=""portfolio-selection""]>div:nth-child(1)>div",3,ID4,0.16666666666666666
91,"[id=""portfolio-selection""]>div:nth-child(1)>div>div:nth-child(1)",3,ID4,0.16666666666666666
92,"[id=""portfolio-selection""]>div:nth-child(1)>div>div:nth-child(1)>div:nth-child(2)>div:nth-child(3)",2,ID4,0.1111111111111111
93,"[id=""portfolio-selection""]>div:nth-child(1)>div>div:nth-child(1)>div:nth-child(2)",2,ID4,0.1111111111111111
94,slider-risk-0,248,ID5,13.777777777777779
95,slider-risk-2,230,ID5,12.777777777777779
96,slider-risk-3,157,ID5,8.722222222222221
97,slider-risk-4,145,ID5,8.055555555555555
98,slider-risk-1,144,ID5,8.0
99,"[id=""portfolio-selection""]>div:nth-child(3)>div>button",45,ID5,2.5
100,"[id=""portfolio-selection""]>div:nth-child(1)>div>div:nth-child(1)>div:nth-child(10)>div>button",27,ID5,1.5
101,"[id=""portfolio-selection""]>div:nth-child(1)>div>div:nth-child(1)",3,ID5,0.16666666666666666
102,slider-return-2,896,ID6,49.77777777777778
103,slider-return-3,854,ID6,47.44444444444444
104,slider-return-1,779,ID6,43.27777777777778
105,slider-return-0,602,ID6,33.44444444444444
106,slider-return-4,583,ID6,32.388888888888886
107,"[id=""portfolio-selection""]>div:nth-child(3)>div>button",447,ID6,24.833333333333332
108,"[id=""portfolio-selection""]>div:nth-child(1)>div>div:nth-child(1)>div:nth-child(10)>div",292,ID6,16.22222222222222
109,portfolio-selection,290,ID6,16.11111111111111
110,"[id=""portfolio-selection""]>div:nth-child(1)>div>div:nth-child(1)",219,ID6,12.166666666666666
111,investment-results,131,ID6,7.277777777777778
112,slider-risk-3,101,ID6,5.611111111111111
113,"[id=""portfolio-selection""]>div:nth-child(3)>div",85,ID6,4.722222222222222
114,"[id=""portfolio-selection""]>div:nth-child(1)>div>div:nth-child(1)>div:nth-child(10)>div>button",72,ID6,4.0
115,slider-risk-4,54,ID6,3.0
116,"[id=""portfolio-selection""]>div:nth-child(1)>div>div:nth-child(1)>div:nth-child(8)",33,ID6,1.8333333333333333
117,survey-container,29,ID6,1.6111111111111112
118,"[id=""portfolio-selection""]>div:nth-child(1)>div>div:nth-child(1)>div:nth-child(2)>div:nth-child(2)",29,ID6,1.6111111111111112
119,"[id=""portfolio-selection""]>div:nth-child(1)>div>div:nth-child(1)>div:nth-child(3)>div:nth-child(2)",27,ID6,1.5
120,"[id=""portfolio-selection""]>div:nth-child(1)>div>div:nth-child(1)>div:nth-child(6)>div:nth-child(3)",24,ID6,1.3333333333333333
121,slider-risk-2,23,ID6,1.2777777777777777
122,"[id=""portfolio-selection""]>div:nth-child(1)>div>div:nth-child(1)>div:nth-child(2)>div:nth-child(1)",15,ID6,0.8333333333333334
123,"[id=""content""]>div:nth-child(1)>p:nth-child(2)",14,ID6,0.7777777777777778
124,slider-risk-0,14,ID6,0.7777777777777778
125,"[id=""portfolio-selection""]>div:nth-child(1)>div>div:nth-child(1)>div:nth-child(3)>div:nth-child(1)",14,ID6,0.7777777777777778
126,"[id=""portfolio-selection""]>div:nth-child(1)>div>div:nth-child(1)>div:nth-child(5)>div:nth-child(2)",13,ID6,0.7222222222222222
127,"[id=""portfolio-selection""]>div:nth-child(1)>div>div:nth-child(1)>div:nth-child(4)>div:nth-child(2)",12,ID6,0.6666666666666666
128,"[id=""portfolio-selection""]>div:nth-child(1)>div>div:nth-child(1)>div:nth-child(4)>div:nth-child(1)",12,ID6,0.6666666666666666
129,"[id=""investment-results""]>p:nth-child(3)",10,ID6,0.5555555555555556
130,"[id=""portfolio-selection""]>div:nth-child(1)>div>div:nth-child(1)>div:nth-child(3)>div:nth-child(1)>label",10,ID6,0.5555555555555556
131,"[id=""portfolio-selection""]>div:nth-child(1)>div>div:nth-child(1)>div:nth-child(6)>div:nth-child(4)",8,ID6,0.4444444444444444
132,slider-risk-1,8,ID6,0.4444444444444444
133,content,7,ID6,0.3888888888888889
134,"[id=""portfolio-selection""]>div:nth-child(1)>div>div:nth-child(1)>hr:nth-child(7)",7,ID6,0.3888888888888889
135,"[id=""portfolio-selection""]>hr",6,ID6,0.3333333333333333
136,"[id=""portfolio-selection""]>div:nth-child(1)>div>div:nth-child(1)>div:nth-child(2)>div:nth-child(4)",5,ID6,0.2777777777777778
137,"[id=""portfolio-selection""]>div:nth-child(1)>div>div:nth-child(1)>div:nth-child(1)>div:nth-child(4)",4,ID6,0.2222222222222222
138,"[id=""portfolio-selection""]>div:nth-child(1)>div>div:nth-child(1)>div:nth-child(6)>div:nth-child(2)",4,ID6,0.2222222222222222
139,"[id=""portfolio-selection""]>div:nth-child(1)>div>div:nth-child(1)>div:nth-child(5)>div:nth-child(1)>label",4,ID6,0.2222222222222222
140,"[id=""portfolio-selection""]>div:nth-child(1)>div>div:nth-child(1)>div:nth-child(5)>div:nth-child(3)",4,ID6,0.2222222222222222
141,"[id=""portfolio-stats""]>svg",3,ID6,0.16666666666666666
142,"[id=""portfolio-selection""]>div:nth-child(1)>div>div:nth-child(2)",3,ID6,0.16666666666666666
143,"[id=""portfolio-selection""]>div:nth-child(1)>div>div:nth-child(1)>div:nth-child(6)>div:nth-child(1)",3,ID6,0.16666666666666666
144,"[id=""portfolio-selection""]>div:nth-child(1)>div>div:nth-child(1)>div:nth-child(6)>div:nth-child(1)>label",3,ID6,0.16666666666666666
145,"[id=""portfolio-selection""]>div:nth-child(1)>div>div:nth-child(1)>div:nth-child(4)>div:nth-child(3)",3,ID6,0.16666666666666666
146,"[id=""portfolio-selection""]>div:nth-child(1)>div>div:nth-child(1)>div:nth-child(5)>div:nth-child(4)",3,ID6,0.16666666666666666
147,"[id=""content""]>div:nth-child(1)",2,ID6,0.1111111111111111
148,"[id=""portfolio-selection""]>div:nth-child(1)>div>div:nth-child(1)>div:nth-child(2)>div:nth-child(1)>label",2,ID6,0.1111111111111111
149,"[id=""portfolio-selection""]>div:nth-child(1)>div>div:nth-child(1)>div:nth-child(5)>div:nth-child(1)",2,ID6,0.1111111111111111
150,"[id=""portfolio-selection""]>div:nth-child(1)>div>div:nth-child(1)>div:nth-child(3)>div:nth-child(3)",2,ID6,0.1111111111111111
151,"[id=""portfolio-selection""]>div:nth-child(1)>div>div:nth-child(1)>div:nth-child(1)>div:nth-child(1)>span",2,ID6,0.1111111111111111
152,"[id=""portfolio-selection""]>div:nth-child(1)>div>div:nth-child(1)>div:nth-child(8)>div:nth-child(3)",2,ID6,0.1111111111111111
153,"[id=""survey-container""]>div",1,ID6,0.05555555555555555
154,"[id=""portfolio-selection""]>div:nth-child(1)>div>div:nth-child(1)>div:nth-child(1)>div:nth-child(3)",1,ID6,0.05555555555555555
155,"[id=""portfolio-selection""]>div:nth-child(1)>div>div:nth-child(1)>div:nth-child(1)",1,ID6,0.05555555555555555
156,"[id=""portfolio-selection""]>div:nth-child(1)>div>div:nth-child(1)>div:nth-child(3)>div:nth-child(4)",1,ID6,0.05555555555555555
157,"[id=""portfolio-selection""]>div:nth-child(1)>div",1,ID6,0.05555555555555555
158,slider-return-1,716,ID7,39.77777777777778
159,slider-return-0,540,ID7,30.0
160,slider-return-2,530,ID7,29.444444444444443
161,slider-return-4,485,ID7,26.944444444444443
162,slider-return-3,456,ID7,25.333333333333332
163,"[id=""portfolio-selection""]>div:nth-child(1)>div>div:nth-child(1)>div:nth-child(10)>div>button",162,ID7,9.0
164,html,110,ID7,6.111111111111111
165,"[id=""portfolio-selection""]>div:nth-child(3)>div>button",54,ID7,3.0
166,slider-risk-0,8,ID7,0.4444444444444444
167,slider-risk-4,7,ID7,0.3888888888888889
168,"[id=""portfolio-selection""]>div:nth-child(1)>div>div:nth-child(1)>div:nth-child(2)>div:nth-child(1)",6,ID7,0.3333333333333333
169,"[id=""portfolio-selection""]>div:nth-child(1)>div>div:nth-child(1)>div:nth-child(3)>div:nth-child(1)",5,ID7,0.2777777777777778
170,"[id=""portfolio-selection""]>div:nth-child(1)>div>div:nth-child(1)>div:nth-child(3)>div:nth-child(1)>label",5,ID7,0.2777777777777778
171,"[id=""portfolio-selection""]>div:nth-child(1)>div>div:nth-child(1)>div:nth-child(2)>div:nth-child(2)",4,ID7,0.2222222222222222
172,slider-risk-2,3,ID7,0.16666666666666666
173,slider-return-4,302,ID8,16.77777777777778
174,slider-return-1,132,ID8,7.333333333333333
175,slider-return-0,120,ID8,6.666666666666667
176,slider-return-2,94,ID8,5.222222222222222
177,"[id=""portfolio-selection""]>div:nth-child(3)>div>button",63,ID8,3.5
178,slider-return-3,40,ID8,2.2222222222222223
179,"[id=""portfolio-selection""]>div:nth-child(1)>div>div:nth-child(1)>div:nth-child(10)>div>button",12,ID8,0.6666666666666666
180,"[id=""parsley-id-179""]>li",6,ID8,0.3333333333333333
181,"[id=""portfolio-selection""]>div:nth-child(1)>div>div:nth-child(1)>div:nth-child(3)>div:nth-child(2)",3,ID8,0.16666666666666666
182,"[id=""portfolio-selection""]>div:nth-child(1)>div>div:nth-child(1)>div:nth-child(2)>div:nth-child(2)",2,ID8,0.1111111111111111
183,"[id=""portfolio-selection""]>div:nth-child(1)>div>div:nth-child(1)>div:nth-child(6)>div:nth-child(2)>input",1879,ID9,104.38888888888889
184,"[id=""portfolio-selection""]>div:nth-child(1)>div>div:nth-child(1)>div:nth-child(5)>div:nth-child(2)>input",523,ID9,29.055555555555557
185,"[id=""portfolio-selection""]>div:nth-child(1)>div>div:nth-child(1)>div:nth-child(2)>div:nth-child(2)>input",493,ID9,27.38888888888889
186,"[id=""portfolio-selection""]>div:nth-child(1)>div>div:nth-child(1)>div:nth-child(3)>div:nth-child(2)>input",451,ID9,25.055555555555557
187,"[id=""portfolio-selection""]>div:nth-child(1)>div>div:nth-child(1)>div:nth-child(4)>div:nth-child(2)>input",350,ID9,19.444444444444443
188,"[id=""portfolio-selection""]>div:nth-child(3)>div>button",45,ID9,2.5
189,"[id=""portfolio-selection""]>div:nth-child(1)>div>div:nth-child(1)>div:nth-child(10)>div>button",3,ID9,0.16666666666666666
190,"[id=""portfolio-selection""]>div:nth-child(1)>div>div:nth-child(1)>div:nth-child(6)>div:nth-child(2)>input",672,ID10,37.333333333333336
191,"[id=""portfolio-selection""]>div:nth-child(1)>div>div:nth-child(1)",478,ID10,26.555555555555557
192,"[id=""portfolio-selection""]>div:nth-child(1)>div>div:nth-child(1)>div:nth-child(5)>div:nth-child(2)>input",448,ID10,24.88888888888889
193,"[id=""portfolio-selection""]>div:nth-child(1)>div>div:nth-child(1)>div:nth-child(4)>div:nth-child(2)>input",341,ID10,18.944444444444443
194,"[id=""portfolio-selection""]>div:nth-child(1)>div>div:nth-child(1)>div:nth-child(3)>div:nth-child(2)>input",328,ID10,18.22222222222222
195,"[id=""portfolio-selection""]>div:nth-child(1)>div>div:nth-child(1)>div:nth-child(2)>div:nth-child(2)>input",244,ID10,13.555555555555555
196,portfolio-selection,179,ID10,9.944444444444445
197,"[id=""portfolio-selection""]>div:nth-child(1)>div>div:nth-child(1)>div:nth-child(10)>div",146,ID10,8.11111111111111
198,"[id=""portfolio-stats""]>svg",140,ID10,7.777777777777778
199,"[id=""portfolio-selection""]>div:nth-child(3)>div>button",128,ID10,7.111111111111111
200,"[id=""portfolio-selection""]>div:nth-child(1)>div",114,ID10,6.333333333333333
201,"[id=""portfolio-selection""]>div:nth-child(1)>div>div:nth-child(1)>div:nth-child(10)>div>button",87,ID10,4.833333333333333
202,"[id=""portfolio-selection""]>div:nth-child(1)>div>div:nth-child(1)>div:nth-child(5)>div:nth-child(2)",86,ID10,4.777777777777778
203,"[id=""portfolio-selection""]>div:nth-child(1)>div>div:nth-child(1)>div:nth-child(8)",78,ID10,4.333333333333333
204,"[id=""portfolio-selection""]>div:nth-child(1)>div>div:nth-child(1)>div:nth-child(3)>div:nth-child(2)",69,ID10,3.8333333333333335
205,"[id=""portfolio-selection""]>div:nth-child(1)>div>div:nth-child(1)>div:nth-child(4)>div:nth-child(2)",66,ID10,3.6666666666666665
206,investment-results,59,ID10,3.2777777777777777
207,"[id=""portfolio-selection""]>div:nth-child(1)>div>div:nth-child(1)>div:nth-child(6)>div:nth-child(2)",57,ID10,3.1666666666666665
208,"[id=""portfolio-selection""]>div:nth-child(1)>div>div:nth-child(1)>div:nth-child(1)",36,ID10,2.0
209,risk-return,28,ID10,1.5555555555555556
210,"[id=""portfolio-selection""]>div:nth-child(3)>div",26,ID10,1.4444444444444444
211,"[id=""portfolio-selection""]>div:nth-child(1)>div>div:nth-child(1)>div:nth-child(6)>div:nth-child(3)",22,ID10,1.2222222222222223
212,"[id=""portfolio-selection""]>div:nth-child(1)>div>div:nth-child(1)>div:nth-child(2)>div:nth-child(2)",21,ID10,1.1666666666666667
213,content,15,ID10,0.8333333333333334
214,"[id=""portfolio-selection""]>div:nth-child(1)>div>div:nth-child(1)>div:nth-child(1)>div:nth-child(1)",15,ID10,0.8333333333333334
215,"[id=""portfolio-selection""]>div:nth-child(1)>div>div:nth-child(1)>div:nth-child(4)>div:nth-child(1)",14,ID10,0.7777777777777778
216,"[id=""portfolio-selection""]>div:nth-child(1)>div>div:nth-child(1)>div:nth-child(6)>div:nth-child(1)",12,ID10,0.6666666666666666
217,"[id=""portfolio-selection""]>div:nth-child(1)>div>div:nth-child(1)>div:nth-child(1)>div:nth-child(1)>span",12,ID10,0.6666666666666666
218,"[id=""portfolio-selection""]>div:nth-child(1)>div>div:nth-child(1)>div:nth-child(5)>div:nth-child(1)>label",11,ID10,0.6111111111111112
219,"[id=""portfolio-selection""]>div:nth-child(1)>div>div:nth-child(1)>div:nth-child(3)>div:nth-child(1)",6,ID10,0.3333333333333333
220,"[id=""portfolio-selection""]>hr",6,ID10,0.3333333333333333
221,"[id=""portfolio-selection""]>div:nth-child(1)>div>div:nth-child(1)>div:nth-child(5)>div:nth-child(1)",6,ID10,0.3333333333333333
222,"[id=""portfolio-selection""]>div:nth-child(1)>div>div:nth-child(1)>div:nth-child(6)>div:nth-child(3)>span",6,ID10,0.3333333333333333
223,"[id=""portfolio-selection""]>div:nth-child(1)>div>div:nth-child(1)>div:nth-child(2)>div:nth-child(3)",5,ID10,0.2777777777777778
224,"[id=""investment-results""]>p:nth-child(1)",4,ID10,0.2222222222222222
225,"[id=""portfolio-selection""]>div:nth-child(1)>div>div:nth-child(2)",4,ID10,0.2222222222222222
226,"[id=""portfolio-selection""]>div:nth-child(1)>div>div:nth-child(1)>div:nth-child(2)>div:nth-child(3)>span",3,ID10,0.16666666666666666
227,"[id=""portfolio-selection""]>div:nth-child(1)>div>div:nth-child(1)>div:nth-child(6)>div:nth-child(1)>label",3,ID10,0.16666666666666666
228,"[id=""portfolio-selection""]>div:nth-child(1)>div>div:nth-child(1)>hr:nth-child(9)",3,ID10,0.16666666666666666
229,"[id=""portfolio-selection""]>div:nth-child(1)>div>div:nth-child(1)>div:nth-child(3)>div:nth-child(3)>span",2,ID10,0.1111111111111111
230,"[id=""portfolio-selection""]>div:nth-child(1)>div>div:nth-child(1)>div:nth-child(1)>div:nth-child(3)",2,ID10,0.1111111111111111
231,"[id=""investment-results""]>p:nth-child(3)",2,ID10,0.1111111111111111
232,"[id=""portfolio-selection""]>div:nth-child(1)>div>div:nth-child(1)>hr:nth-child(7)",2,ID10,0.1111111111111111
233,"[id=""portfolio-stats""]>svg>g>g:nth-child(2)>path",2,ID10,0.1111111111111111
234,"[id=""portfolio-selection""]>div:nth-child(1)>div>div:nth-child(1)>div:nth-child(5)>div:nth-child(3)",1,ID10,0.05555555555555555
235,"[id=""portfolio-stats""]>svg>g>g:nth-child(2)>g:nth-child(3)>text",1,ID10,0.05555555555555555
236,"[id=""portfolio-stats""]>svg",68,ID11,3.7777777777777777
237,"[id=""portfolio-selection""]>div:nth-child(1)>div>div:nth-child(1)>div:nth-child(10)>div>button",22,ID11,1.2222222222222223
238,"[id=""portfolio-selection""]>div:nth-child(5)>div>button",17,ID11,0.9444444444444444
239,"[id=""portfolio-selection""]>div:nth-child(1)>div>div:nth-child(1)>div:nth-child(1)>div:nth-child(3)>span",12,ID11,0.6666666666666666
240,pretest3,12,ID11,0.6666666666666666
241,"[id=""portfolio-selection""]>div:nth-child(1)>div>div:nth-child(1)>div:nth-child(2)>div:nth-child(2)>input",10,ID11,0.5555555555555556
242,"[id=""portfolio-selection""]>div:nth-child(1)>div>div:nth-child(1)>div:nth-child(6)>div:nth-child(2)>input",9,ID11,0.5
243,"[id=""portfolio-selection""]>div:nth-child(1)>div>div:nth-child(1)>div:nth-child(4)>div:nth-child(2)>input",9,ID11,0.5
244,"[id=""parsley-id-137""]>li",9,ID11,0.5
245,"[id=""portfolio-selection""]>div:nth-child(1)>div>div:nth-child(1)>div:nth-child(1)>div:nth-child(1)",9,ID11,0.5
246,pretest2,8,ID11,0.4444444444444444
247,"[id=""portfolio-selection""]>div:nth-child(1)>div>div:nth-child(1)>div:nth-child(5)>div:nth-child(2)>input",7,ID11,0.3888888888888889
248,"[id=""portfolio-selection""]>div:nth-child(1)>div>div:nth-child(1)>div:nth-child(6)>div:nth-child(3)",6,ID11,0.3333333333333333
249,pretest4,6,ID11,0.3333333333333333
250,"[id=""portfolio-selection""]>ul>li:nth-child(1)>label",6,ID11,0.3333333333333333
251,"[id=""portfolio-selection""]>ul",6,ID11,0.3333333333333333
252,"[id=""portfolio-selection""]>ul>li:nth-child(2)>label",6,ID11,0.3333333333333333
253,"[id=""portfolio-selection""]>div:nth-child(3)>div>div:nth-child(1)>div:nth-child(8)>div:nth-child(1)>label",6,ID11,0.3333333333333333
254,pretest1,5,ID11,0.2777777777777778
255,risk-return,4,ID11,0.2222222222222222
256,parsley-id-137,4,ID11,0.2222222222222222
257,"[id=""portfolio-selection""]>div:nth-child(1)>div>div:nth-child(1)>div:nth-child(6)>div:nth-child(3)>span",4,ID11,0.2222222222222222
258,content,4,ID11,0.2222222222222222
259,"[id=""portfolio-selection""]>div:nth-child(1)>div>div:nth-child(1)>div:nth-child(5)>div:nth-child(2)",3,ID11,0.16666666666666666
260,"[id=""portfolio-selection""]>div:nth-child(1)>div>div:nth-child(1)>div:nth-child(6)>div:nth-child(2)",3,ID11,0.16666666666666666
261,"[id=""portfolio-selection""]>div:nth-child(3)>div>button",3,ID11,0.16666666666666666
262,"[id=""portfolio-selection""]>div:nth-child(1)>div>div:nth-child(1)>div:nth-child(3)>div:nth-child(2)>input",3,ID11,0.16666666666666666
263,"[id=""portfolio-selection""]>div:nth-child(1)>div>div:nth-child(1)>div:nth-child(1)>div:nth-child(1)>span",3,ID11,0.16666666666666666
264,"[id=""portfolio-selection""]>div:nth-child(1)>div>div:nth-child(1)>div:nth-child(4)>div:nth-child(1)",3,ID11,0.16666666666666666
265,"[id=""portfolio-selection""]>ul>li:nth-child(3)>label",3,ID11,0.16666666666666666
266,"[id=""portfolio-selection""]>ul>li:nth-child(3)",3,ID11,0.16666666666666666
267,html,2,ID11,0.1111111111111111
268,"[id=""portfolio-stats""]>svg>g>g:nth-child(2)>path",2,ID11,0.1111111111111111
269,"[id=""portfolio-selection""]>div:nth-child(3)>div>div:nth-child(1)>div:nth-child(4)>div:nth-child(2)",2,ID11,0.1111111111111111
270,"[id=""portfolio-selection""]>div:nth-child(3)>div>div:nth-child(1)>div:nth-child(4)>div:nth-child(3)",2,ID11,0.1111111111111111
271,"[id=""portfolio-selection""]>div:nth-child(1)>div>div:nth-child(1)>div:nth-child(1)",1,ID11,0.05555555555555555
272,"[id=""portfolio-selection""]>div:nth-child(1)>div>div:nth-child(1)>div:nth-child(3)>div:nth-child(1)",1,ID11,0.05555555555555555
273,"[id=""portfolio-selection""]>div:nth-child(1)>div>div:nth-child(1)>div:nth-child(3)>div:nth-child(1)>label",1,ID11,0.05555555555555555
274,"[id=""portfolio-selection""]>div:nth-child(3)>div>div:nth-child(1)>div:nth-child(4)",1,ID11,0.05555555555555555
275,slider-return-2,854,ID12,47.44444444444444
276,slider-return-3,799,ID12,44.388888888888886
277,slider-return-4,791,ID12,43.94444444444444
278,slider-return-1,778,ID12,43.22222222222222
279,slider-return-0,541,ID12,30.055555555555557
280,"[id=""portfolio-selection""]>div:nth-child(1)>div>div:nth-child(1)",376,ID12,20.88888888888889
281,"[id=""portfolio-selection""]>div:nth-child(3)>div>button",208,ID12,11.555555555555555
282,"[id=""portfolio-selection""]>div:nth-child(1)>div>div:nth-child(1)>div:nth-child(10)>div",110,ID12,6.111111111111111
283,"[id=""portfolio-selection""]>div:nth-child(1)>div>div:nth-child(1)>div:nth-child(10)>div>button",99,ID12,5.5
284,portfolio-selection,95,ID12,5.277777777777778
285,slider-risk-4,63,ID12,3.5
286,investment-results,62,ID12,3.4444444444444446
287,"[id=""portfolio-stats""]>svg",59,ID12,3.2777777777777777
288,"[id=""content""]>div:nth-child(1)",36,ID12,2.0
289,"[id=""content""]>div:nth-child(1)>p:nth-child(4)",29,ID12,1.6111111111111112
290,"[id=""portfolio-selection""]>div:nth-child(1)>div>div:nth-child(1)>div:nth-child(8)",28,ID12,1.5555555555555556
291,"[id=""investment-results""]>table>tbody>tr:nth-child(1)>td:nth-child(2)",23,ID12,1.2777777777777777
292,"[id=""portfolio-selection""]>div:nth-child(1)>div>div:nth-child(1)>div:nth-child(8)>div:nth-child(3)",21,ID12,1.1666666666666667
293,slider-risk-0,18,ID12,1.0
294,"[id=""portfolio-selection""]>div:nth-child(1)>div>div:nth-child(1)>div:nth-child(3)>div:nth-child(1)",17,ID12,0.9444444444444444
295,content,15,ID12,0.8333333333333334
296,"[id=""portfolio-selection""]>div:nth-child(1)>div>div:nth-child(1)>div:nth-child(2)>div:nth-child(1)>label",14,ID12,0.7777777777777778
297,"[id=""portfolio-selection""]>div:nth-child(1)>div>div:nth-child(1)>div:nth-child(2)>div:nth-child(2)",14,ID12,0.7777777777777778
298,"[id=""portfolio-selection""]>div:nth-child(1)>div>div:nth-child(1)>div:nth-child(6)>div:nth-child(2)",13,ID12,0.7222222222222222
299,"[id=""portfolio-selection""]>div:nth-child(1)>div>div:nth-child(1)>div:nth-child(6)>div:nth-child(3)",13,ID12,0.7222222222222222
300,"[id=""portfolio-selection""]>div:nth-child(1)>div>div:nth-child(1)>div:nth-child(2)>div:nth-child(1)",12,ID12,0.6666666666666666
301,slider-risk-1,11,ID12,0.6111111111111112
302,"[id=""portfolio-selection""]>div:nth-child(3)>div",11,ID12,0.6111111111111112
303,"[id=""content""]>div:nth-child(1)>p:nth-child(3)",10,ID12,0.5555555555555556
304,risk-return,8,ID12,0.4444444444444444
305,"[id=""investment-results""]>table>tbody>tr:nth-child(2)>td:nth-child(3)",8,ID12,0.4444444444444444
306,"[id=""investment-results""]>table>tbody>tr:nth-child(1)>td:nth-child(3)",8,ID12,0.4444444444444444
307,slider-risk-3,8,ID12,0.4444444444444444
308,"[id=""portfolio-selection""]>div:nth-child(1)>div>div:nth-child(1)>div:nth-child(8)>div:nth-child(1)>label",7,ID12,0.3888888888888889
309,"[id=""portfolio-selection""]>div:nth-child(1)>div>div:nth-child(1)>div:nth-child(3)>div:nth-child(1)>label",7,ID12,0.3888888888888889
310,"[id=""investment-results""]>p:nth-child(1)",6,ID12,0.3333333333333333
311,"[id=""portfolio-selection""]>div:nth-child(1)>div>div:nth-child(1)>div:nth-child(6)>div:nth-child(4)",6,ID12,0.3333333333333333
312,"[id=""portfolio-selection""]>div:nth-child(1)>div>div:nth-child(1)>hr:nth-child(7)",6,ID12,0.3333333333333333
313,"[id=""portfolio-selection""]>div:nth-child(1)>div>div:nth-child(1)>div:nth-child(4)>div:nth-child(4)",5,ID12,0.2777777777777778
314,"[id=""portfolio-selection""]>div:nth-child(1)>div>div:nth-child(1)>div:nth-child(5)>div:nth-child(2)",5,ID12,0.2777777777777778
315,"[id=""portfolio-selection""]>div:nth-child(1)>div>div:nth-child(1)>div:nth-child(3)>div:nth-child(4)",4,ID12,0.2222222222222222
316,"[id=""portfolio-selection""]>div:nth-child(1)>div>div:nth-child(1)>div:nth-child(4)>div:nth-child(2)",4,ID12,0.2222222222222222
317,"[id=""portfolio-selection""]>hr",4,ID12,0.2222222222222222
318,"[id=""portfolio-selection""]>div:nth-child(1)>div>div:nth-child(1)>div:nth-child(2)>div:nth-child(3)",3,ID12,0.16666666666666666
319,"[id=""portfolio-selection""]>div:nth-child(1)>div>div:nth-child(1)>div:nth-child(1)>div:nth-child(4)",3,ID12,0.16666666666666666
320,"[id=""portfolio-selection""]>div:nth-child(1)>div>div:nth-child(1)>hr:nth-child(9)",3,ID12,0.16666666666666666
321,"[id=""portfolio-selection""]>div:nth-child(1)>div>div:nth-child(1)>div:nth-child(3)>div:nth-child(3)",2,ID12,0.1111111111111111
322,"[id=""portfolio-selection""]>div:nth-child(1)>div>div:nth-child(1)>div:nth-child(8)>div:nth-child(3)>span",2,ID12,0.1111111111111111
323,"[id=""portfolio-selection""]>div:nth-child(1)>div>div:nth-child(2)",2,ID12,0.1111111111111111
324,"[id=""portfolio-selection""]>div:nth-child(1)>div>div:nth-child(1)>div:nth-child(2)>div:nth-child(4)",1,ID12,0.05555555555555555
325,"[id=""content""]>hr",1,ID12,0.05555555555555555
326,"[id=""portfolio-selection""]>div:nth-child(1)>div>div:nth-child(1)>div:nth-child(5)>div:nth-child(4)",1,ID12,0.05555555555555555
327,"[id=""portfolio-stats""]>svg>g>g:nth-child(2)>g:nth-child(2)>text",1,ID12,0.05555555555555555
328,"[id=""portfolio-stats""]>svg>g>g:nth-child(2)>g:nth-child(1)>text",1,ID12,0.05555555555555555
329,"[id=""portfolio-stats""]>svg>g>g:nth-child(1)>g:nth-child(1)>text",1,ID12,0.05555555555555555
330,"[id=""investment-results""]>table",1,ID12,0.05555555555555555
331,"[id=""investment-results""]>table>tbody",1,ID12,0.05555555555555555
332,"[id=""portfolio-selection""]>div:nth-child(1)>div>div:nth-child(1)>div:nth-child(5)>div:nth-child(1)",1,ID12,0.05555555555555555
333,"[id=""portfolio-selection""]>div:nth-child(1)>div>div:nth-child(1)>div:nth-child(8)>div:nth-child(1)",1,ID12,0.05555555555555555
334,slider-return-1,182,ID13,10.11111111111111
335,slider-return-0,166,ID13,9.222222222222221
336,slider-return-2,126,ID13,7.0
337,slider-return-4,87,ID13,4.833333333333333
338,slider-return-3,49,ID13,2.7222222222222223
339,"[id=""portfolio-selection""]>div:nth-child(3)>div>button",48,ID13,2.6666666666666665
340,"[id=""portfolio-selection""]>div:nth-child(1)>div>div:nth-child(1)>div:nth-child(3)>div:nth-child(2)",16,ID13,0.8888888888888888
341,"[id=""portfolio-selection""]>div:nth-child(1)>div>div:nth-child(1)>div:nth-child(4)>div:nth-child(2)",13,ID13,0.7222222222222222
342,slider-risk-0,12,ID13,0.6666666666666666
343,slider-risk-1,10,ID13,0.5555555555555556
344,"[id=""portfolio-selection""]>div:nth-child(1)>div>div:nth-child(1)>div:nth-child(10)>div>button",9,ID13,0.5
345,"[id=""portfolio-selection""]>div:nth-child(1)>div>div:nth-child(1)>div:nth-child(4)>div:nth-child(1)>label",7,ID13,0.3888888888888889
346,"[id=""portfolio-selection""]>div:nth-child(1)>div>div:nth-child(1)>div:nth-child(2)>div:nth-child(3)",6,ID13,0.3333333333333333
347,slider-return-3,2234,ID14,124.11111111111111
348,slider-return-4,926,ID14,51.44444444444444
349,slider-return-1,578,ID14,32.111111111111114
350,slider-return-2,480,ID14,26.666666666666668
351,slider-return-0,407,ID14,22.61111111111111
352,"[id=""portfolio-selection""]>div:nth-child(3)>div>button",139,ID14,7.722222222222222
353,"[id=""portfolio-selection""]>div:nth-child(1)>div>div:nth-child(1)>div:nth-child(5)>div:nth-child(2)",111,ID14,6.166666666666667
354,"[id=""portfolio-selection""]>div:nth-child(1)>div>div:nth-child(1)>div:nth-child(10)>div>button",82,ID14,4.555555555555555
355,"[id=""portfolio-selection""]>div:nth-child(1)>div>div:nth-child(1)>div:nth-child(10)>div",67,ID14,3.7222222222222223
356,"[id=""portfolio-selection""]>div:nth-child(1)>div>div:nth-child(1)>div:nth-child(5)>div:nth-child(1)",57,ID14,3.1666666666666665
357,html,54,ID14,3.0
358,"[id=""portfolio-selection""]>div:nth-child(1)>div>div:nth-child(1)>div:nth-child(2)>div:nth-child(1)",48,ID14,2.6666666666666665
359,"[id=""portfolio-selection""]>div:nth-child(1)>div>div:nth-child(1)>div:nth-child(4)>div:nth-child(1)",45,ID14,2.5
360,"[id=""portfolio-selection""]>div:nth-child(1)>div>div:nth-child(1)>div:nth-child(4)>div:nth-child(2)",38,ID14,2.111111111111111
361,slider-risk-3,33,ID14,1.8333333333333333
362,"[id=""portfolio-selection""]>div:nth-child(1)>div>div:nth-child(1)>div:nth-child(3)>div:nth-child(1)",33,ID14,1.8333333333333333
363,"[id=""portfolio-selection""]>div:nth-child(1)>div>div:nth-child(1)>div:nth-child(5)>div:nth-child(3)",33,ID14,1.8333333333333333
364,"[id=""portfolio-selection""]>div:nth-child(1)>div>div:nth-child(1)>div:nth-child(2)>div:nth-child(1)>label",29,ID14,1.6111111111111112
365,portfolio-selection,29,ID14,1.6111111111111112
366,"[id=""portfolio-stats""]>svg",27,ID14,1.5
367,"[id=""portfolio-selection""]>div:nth-child(1)>div>div:nth-child(1)>div:nth-child(2)>div:nth-child(2)",26,ID14,1.4444444444444444
368,"[id=""portfolio-selection""]>div:nth-child(1)>div>div:nth-child(1)",25,ID14,1.3888888888888888
369,"[id=""portfolio-selection""]>div:nth-child(1)>div>div:nth-child(1)>div:nth-child(3)>div:nth-child(2)",20,ID14,1.1111111111111112
370,"[id=""portfolio-selection""]>div:nth-child(1)>div>div:nth-child(1)>div:nth-child(3)>div:nth-child(1)>label",17,ID14,0.9444444444444444
371,"[id=""portfolio-selection""]>div:nth-child(1)>div>div:nth-child(1)>div:nth-child(5)>div:nth-child(1)>label",17,ID14,0.9444444444444444
372,"[id=""portfolio-selection""]>div:nth-child(1)>div>div:nth-child(1)>div:nth-child(5)",17,ID14,0.9444444444444444
373,"[id=""portfolio-selection""]>div:nth-child(1)>div>div:nth-child(1)>div:nth-child(4)>div:nth-child(1)>label",16,ID14,0.8888888888888888
374,slider-risk-0,14,ID14,0.7777777777777778
375,risk-return,9,ID14,0.5
376,"[id=""portfolio-selection""]>div:nth-child(1)>div>div:nth-child(1)>div:nth-child(2)>div:nth-child(4)>span",8,ID14,0.4444444444444444
377,"[id=""portfolio-selection""]>div:nth-child(1)>div>div:nth-child(1)>div:nth-child(6)>div:nth-child(1)",8,ID14,0.4444444444444444
378,"[id=""portfolio-selection""]>div:nth-child(1)>div>div:nth-child(1)>div:nth-child(6)>div:nth-child(2)",7,ID14,0.3888888888888889
379,"[id=""portfolio-selection""]>div:nth-child(1)>div>div:nth-child(1)>div:nth-child(2)",7,ID14,0.3888888888888889
380,survey-container,6,ID14,0.3333333333333333
381,"[id=""portfolio-selection""]>div:nth-child(1)>div>div:nth-child(1)>div:nth-child(8)",6,ID14,0.3333333333333333
382,"[id=""portfolio-selection""]>div:nth-child(1)>div>div:nth-child(1)>div:nth-child(4)",6,ID14,0.3333333333333333
383,"[id=""portfolio-selection""]>div:nth-child(3)>div",5,ID14,0.2777777777777778
384,"[id=""portfolio-selection""]>div:nth-child(1)>div>div:nth-child(1)>div:nth-child(2)>div:nth-child(4)",4,ID14,0.2222222222222222
385,"[id=""portfolio-selection""]>div:nth-child(1)>div",4,ID14,0.2222222222222222
386,"[id=""portfolio-selection""]>div:nth-child(1)>div>div:nth-child(1)>div:nth-child(3)",4,ID14,0.2222222222222222
387,"[id=""parsley-id-147""]>li",3,ID14,0.16666666666666666
388,"[id=""portfolio-selection""]>div:nth-child(1)>div>div:nth-child(2)",3,ID14,0.16666666666666666
389,"[id=""portfolio-selection""]>div:nth-child(1)>div>div:nth-child(1)>div:nth-child(1)>div:nth-child(2)>span",3,ID14,0.16666666666666666
390,"[id=""portfolio-selection""]>div:nth-child(1)>div>div:nth-child(1)>div:nth-child(1)>div:nth-child(3)>span",3,ID14,0.16666666666666666
391,"[id=""portfolio-selection""]>div:nth-child(1)>div>div:nth-child(1)>div:nth-child(6)>div:nth-child(1)>label",3,ID14,0.16666666666666666
392,investment-results,3,ID14,0.16666666666666666
393,slider-risk-1,2,ID14,0.1111111111111111
394,slider-risk-2,2,ID14,0.1111111111111111
395,"[id=""portfolio-stats""]>svg>g>g:nth-child(2)>path",1,ID14,0.05555555555555555
396,"[id=""portfolio-selection""]>div:nth-child(1)>div>div:nth-child(1)>div:nth-child(2)>div:nth-child(3)",1,ID14,0.05555555555555555
397,"[id=""portfolio-selection""]>div:nth-child(1)>div>div:nth-child(1)>div:nth-child(6)",1,ID14,0.05555555555555555
398,slider-return-3,2234,ID15,124.11111111111111
399,slider-return-4,926,ID15,51.44444444444444
400,slider-return-1,578,ID15,32.111111111111114
401,slider-return-2,480,ID15,26.666666666666668
402,slider-return-0,407,ID15,22.61111111111111
403,"[id=""portfolio-selection""]>div:nth-child(3)>div>button",139,ID15,7.722222222222222
404,"[id=""portfolio-selection""]>div:nth-child(1)>div>div:nth-child(1)>div:nth-child(5)>div:nth-child(2)",111,ID15,6.166666666666667
405,"[id=""portfolio-selection""]>div:nth-child(1)>div>div:nth-child(1)>div:nth-child(10)>div>button",82,ID15,4.555555555555555
406,"[id=""portfolio-selection""]>div:nth-child(1)>div>div:nth-child(1)>div:nth-child(10)>div",67,ID15,3.7222222222222223
407,"[id=""portfolio-selection""]>div:nth-child(1)>div>div:nth-child(1)>div:nth-child(5)>div:nth-child(1)",57,ID15,3.1666666666666665
408,html,54,ID15,3.0
409,"[id=""portfolio-selection""]>div:nth-child(1)>div>div:nth-child(1)>div:nth-child(2)>div:nth-child(1)",48,ID15,2.6666666666666665
410,"[id=""portfolio-selection""]>div:nth-child(1)>div>div:nth-child(1)>div:nth-child(4)>div:nth-child(1)",45,ID15,2.5
411,"[id=""portfolio-selection""]>div:nth-child(1)>div>div:nth-child(1)>div:nth-child(4)>div:nth-child(2)",38,ID15,2.111111111111111
412,slider-risk-3,33,ID15,1.8333333333333333
413,"[id=""portfolio-selection""]>div:nth-child(1)>div>div:nth-child(1)>div:nth-child(3)>div:nth-child(1)",33,ID15,1.8333333333333333
414,"[id=""portfolio-selection""]>div:nth-child(1)>div>div:nth-child(1)>div:nth-child(5)>div:nth-child(3)",33,ID15,1.8333333333333333
415,"[id=""portfolio-selection""]>div:nth-child(1)>div>div:nth-child(1)>div:nth-child(2)>div:nth-child(1)>label",29,ID15,1.6111111111111112
416,portfolio-selection,29,ID15,1.6111111111111112
417,"[id=""portfolio-stats""]>svg",27,ID15,1.5
418,"[id=""portfolio-selection""]>div:nth-child(1)>div>div:nth-child(1)>div:nth-child(2)>div:nth-child(2)",26,ID15,1.4444444444444444
419,"[id=""portfolio-selection""]>div:nth-child(1)>div>div:nth-child(1)",25,ID15,1.3888888888888888
420,"[id=""portfolio-selection""]>div:nth-child(1)>div>div:nth-child(1)>div:nth-child(3)>div:nth-child(2)",20,ID15,1.1111111111111112
421,"[id=""portfolio-selection""]>div:nth-child(1)>div>div:nth-child(1)>div:nth-child(3)>div:nth-child(1)>label",17,ID15,0.9444444444444444
422,"[id=""portfolio-selection""]>div:nth-child(1)>div>div:nth-child(1)>div:nth-child(5)>div:nth-child(1)>label",17,ID15,0.9444444444444444
423,"[id=""portfolio-selection""]>div:nth-child(1)>div>div:nth-child(1)>div:nth-child(5)",17,ID15,0.9444444444444444
424,"[id=""portfolio-selection""]>div:nth-child(1)>div>div:nth-child(1)>div:nth-child(4)>div:nth-child(1)>label",16,ID15,0.8888888888888888
425,slider-risk-0,14,ID15,0.7777777777777778
426,risk-return,9,ID15,0.5
427,"[id=""portfolio-selection""]>div:nth-child(1)>div>div:nth-child(1)>div:nth-child(2)>div:nth-child(4)>span",8,ID15,0.4444444444444444
428,"[id=""portfolio-selection""]>div:nth-child(1)>div>div:nth-child(1)>div:nth-child(6)>div:nth-child(1)",8,ID15,0.4444444444444444
429,"[id=""portfolio-selection""]>div:nth-child(1)>div>div:nth-child(1)>div:nth-child(6)>div:nth-child(2)",7,ID15,0.3888888888888889
430,"[id=""portfolio-selection""]>div:nth-child(1)>div>div:nth-child(1)>div:nth-child(2)",7,ID15,0.3888888888888889
431,survey-container,6,ID15,0.3333333333333333
432,"[id=""portfolio-selection""]>div:nth-child(1)>div>div:nth-child(1)>div:nth-child(8)",6,ID15,0.3333333333333333
433,"[id=""portfolio-selection""]>div:nth-child(1)>div>div:nth-child(1)>div:nth-child(4)",6,ID15,0.3333333333333333
434,"[id=""portfolio-selection""]>div:nth-child(3)>div",5,ID15,0.2777777777777778
435,"[id=""portfolio-selection""]>div:nth-child(1)>div>div:nth-child(1)>div:nth-child(2)>div:nth-child(4)",4,ID15,0.2222222222222222
436,"[id=""portfolio-selection""]>div:nth-child(1)>div",4,ID15,0.2222222222222222
437,"[id=""portfolio-selection""]>div:nth-child(1)>div>div:nth-child(1)>div:nth-child(3)",4,ID15,0.2222222222222222
438,"[id=""parsley-id-147""]>li",3,ID15,0.16666666666666666
439,"[id=""portfolio-selection""]>div:nth-child(1)>div>div:nth-child(2)",3,ID15,0.16666666666666666
440,"[id=""portfolio-selection""]>div:nth-child(1)>div>div:nth-child(1)>div:nth-child(1)>div:nth-child(2)>span",3,ID15,0.16666666666666666
441,"[id=""portfolio-selection""]>div:nth-child(1)>div>div:nth-child(1)>div:nth-child(1)>div:nth-child(3)>span",3,ID15,0.16666666666666666
442,"[id=""portfolio-selection""]>div:nth-child(1)>div>div:nth-child(1)>div:nth-child(6)>div:nth-child(1)>label",3,ID15,0.16666666666666666
443,investment-results,3,ID15,0.16666666666666666
444,slider-risk-1,2,ID15,0.1111111111111111
445,slider-risk-2,2,ID15,0.1111111111111111
446,"[id=""portfolio-stats""]>svg>g>g:nth-child(2)>path",1,ID15,0.05555555555555555
447,"[id=""portfolio-selection""]>div:nth-child(1)>div>div:nth-child(1)>div:nth-child(2)>div:nth-child(3)",1,ID15,0.05555555555555555
448,"[id=""portfolio-selection""]>div:nth-child(1)>div>div:nth-child(1)>div:nth-child(6)",1,ID15,0.05555555555555555
449,"[id=""portfolio-selection""]>div:nth-child(1)>div>div:nth-child(1)>div:nth-child(2)>div:nth-child(2)>input",1065,ID16,59.166666666666664
450,"[id=""portfolio-selection""]>div:nth-child(1)>div>div:nth-child(1)>div:nth-child(5)>div:nth-child(2)>input",920,ID16,51.111111111111114
451,"[id=""portfolio-selection""]>div:nth-child(1)>div>div:nth-child(1)>div:nth-child(3)>div:nth-child(2)>input",729,ID16,40.5
452,"[id=""portfolio-selection""]>div:nth-child(1)>div>div:nth-child(1)>div:nth-child(6)>div:nth-child(2)>input",578,ID16,32.111111111111114
453,"[id=""portfolio-selection""]>div:nth-child(1)>div>div:nth-child(1)>div:nth-child(4)>div:nth-child(2)>input",511,ID16,28.38888888888889
454,"[id=""portfolio-selection""]>div:nth-child(3)>div>button",51,ID16,2.8333333333333335
455,"[id=""portfolio-selection""]>div:nth-child(1)>div>div:nth-child(1)>div:nth-child(3)>div:nth-child(1)",15,ID16,0.8333333333333334
456,"[id=""portfolio-selection""]>div:nth-child(1)>div>div:nth-child(1)>div:nth-child(5)>div:nth-child(2)",10,ID16,0.5555555555555556
457,"[id=""portfolio-selection""]>div:nth-child(1)>div>div:nth-child(1)>div:nth-child(10)>div>button",6,ID16,0.3333333333333333
458,"[id=""portfolio-selection""]>div:nth-child(1)>div>div:nth-child(1)>div:nth-child(3)>div:nth-child(2)",5,ID16,0.2777777777777778
459,"[id=""portfolio-selection""]>div:nth-child(1)>div>div:nth-child(1)>div:nth-child(3)",5,ID16,0.2777777777777778
460,"[id=""content""]>div:nth-child(1)>p:nth-child(2)",3,ID16,0.16666666666666666
461,"[id=""survey-container""]>div>nav>section:nth-child(3)>ul>li>ul>li:nth-child(6)>a",2,ID16,0.1111111111111111
462,alloc-slider-2,1001,ID17,55.611111111111114
463,alloc-slider-3,585,ID17,32.5
464,alloc-slider-5,451,ID17,25.055555555555557
465,alloc-slider-4,394,ID17,21.88888888888889
466,alloc-slider-1,354,ID17,19.666666666666668
467,"[id=""portfolio-selection""]>div:nth-child(3)>div>button",60,ID17,3.3333333333333335
468,"[id=""portfolio-stats""]>svg",20,ID17,1.1111111111111112
469,"[id=""portfolio-selection""]>div:nth-child(1)>div>div:nth-child(1)>div:nth-child(5)>div:nth-child(2)",10,ID17,0.5555555555555556
470,"[id=""portfolio-selection""]>div:nth-child(1)>div>div:nth-child(1)>div:nth-child(10)>div>button",6,ID17,0.3333333333333333
471,risk-return,3,ID17,0.16666666666666666
472,saved-port-1,3,ID17,0.16666666666666666
473,alloc-slider-2,1001,ID18,55.611111111111114
474,alloc-slider-3,585,ID18,32.5
475,alloc-slider-5,451,ID18,25.055555555555557
476,alloc-slider-4,394,ID18,21.88888888888889
477,alloc-slider-1,354,ID18,19.666666666666668
478,"[id=""portfolio-selection""]>div:nth-child(3)>div>button",60,ID18,3.3333333333333335
479,"[id=""portfolio-stats""]>svg",20,ID18,1.1111111111111112
480,"[id=""portfolio-selection""]>div:nth-child(1)>div>div:nth-child(1)>div:nth-child(5)>div:nth-child(2)",10,ID18,0.5555555555555556
481,"[id=""portfolio-selection""]>div:nth-child(1)>div>div:nth-child(1)>div:nth-child(10)>div>button",6,ID18,0.3333333333333333
482,risk-return,3,ID18,0.16666666666666666
483,saved-port-1,3,ID18,0.16666666666666666
